circle,hn,number
目吹く恋の花水木運営本部,主催,あ01
-,-,あ02
明かし夜,明野ハギト,あ03
しゃぼん,ぱすた,あ04
根なし草,774,あ05
銀河と惑星ロリポップ,白銀竜夜,あ06
ムクロジ亭,稲穂,あ07
君がいる明日,原理緒,あ08
trompel’oeil,もちだ,あ09
もふもふロンド,ゆりあ,あ10
すじょうゆ。,からし。,い01
ひなぎく,つゆ,い02
貴方たちに幸あれ,リストの三番目,い03
蓮と漣,救,い04
椿の秘密のレシピ集,柊千寿,い05
糖分過多,もなか,い06
流々濁々,多樹,い07
Unohana,Sei,い08
クロパラ,葉月,い09
ごまさば堂,30,い10
日高見の森,日高森,う01
五月七日,つゆり,う02
 森のお店屋さん,青枝,う03
ななしのごんべ,無名,う04
六ノ屋。,六日,う05
ほおずき書庫,あかり,う06
やまぽめ,マウンテンポメラニアン,う07
どすこいシアター,おすもう,う08
ガンバルンデスマーチ,円（マドカ）／mdk,う09
金碧と明星,依史,う10
サバ塩,よう,え01
白黒僻地,雪原紗音子,え02
ちは屋,ちはや,え03
たわごと,ぎき,え04
DAAAA！,腹ヘリコプター,え05
いちゃいちゃ研究室,はる太郎,え06
しゅうまつオペラ,晴由,え07
小さじ一杯,にの,え08
grigio strata,ごめ,え09
slip,ふじ,え10
おあずけわんこ,本田陵,お01
ニセモノ,夜皓,お02
during999,during,お03
四六時中,六千,お04
カラクリクラカ,ゆづき,お05
あまなつ,烏真夏,お06
OUSE,まどか,お07
つちくさ,かすけ,お08
ナイトライト,ねむ,お09
黒色矮星,IS,お10
グラナ,山田　太郎,か01
栖鳳楼,mea,か02
カチャロス,まよ,か03
よう缶,みのび,か04
Peridot glace,雅ここの,か05
灰彩,三十,か06
酒の肴亭,つぶひも,か07
電波銀河,のなめ,か08
鬼-kui-,かなん,か09
錦上添花,あおとろむ,か10
ゆびきり,ワタノ,き01
INDO NO OCHA,ニルギリ,き02
ふぁ〜む,たぎく,き03
ののののの,のの,き04
猫とゴミ溜め,なな,き05
紅い果実は甘かった,しぐれ,き06
ぎんいろマキネッタ,おこじょ,き07
楽園茶寮書房,ハトムギ玄米茶,き08
Dearestxxx,斗紅螢,き09
青行燈,ゆとり,き10
オノマトペッチ,ぴた,く01
たんぺん堂,いり,く02
HoloHolo,はちすみ,く03
唄四季,たんば,く04
段斜利本舗,taro,く05
段斜利本舗,taro,く06
ダージリンとスノードロップ,ひのなぎ ひなこ,く07
藤樹工房,藤倉まみ,く08
地球戯,ミムラスズ,く09
森林の雨滴,霖雨,く10
幻日,四賀,け01
恋蜂,唐草シズキ,け02
糖分21g,よる,け03
四葩煙月堂,雨縹,け04
千人同人,みこ,け05
箱庭,箱庭,け06
アカチョウチン,下山,け07
かのとや,しげこみ,け08
放置犬,初香,け09
アップルサイダー,菱谷,け10
くろとはちわれ,借字もなか,こ01
タラヨウとクラッタリング,土田ゾーイ,こ02
ゆめあと放送室,水生／佐久良,こ03
SN/N,栖乃,こ04
生まれる！生まれた！,りっつん,こ05
くとう店。,みつん。,こ06
にのや,にゃか,こ07
うさぎに祭文,とびこ,こ08
おこのみ因習村,ユチャ,こ09
遠藤植物園,双葉,こ10
ひのなか,焚き木,さ01
しおのもり,ぎをん,さ02
Luciola,水無瀬瑠架,さ03
オールドROKUCHAN,山根ろく,さ04
たおるけっと,マドマーゼル西郷,さ05
洗濯石鹸,ユエ,さ06
網目の茶碗,とも,さ07
折り紙日和,日織,さ08
炊きひなあられ,みたき,さ09
AB地区,10番,さ10
ひみつきち,みつき,し01
パーラー堂,日出,し02
銀席,あんぱん,し03
京野菜,京子,し04
凋,カヤシマ,し05
倫欠ロック,三十三しま,し06
隙間の紙魚,獅子見,し07
午前二時,ミヨ,し08
錯月,桄華(kouka),し09
8LuLu,ちるる,し10
非遺伝子組み換え,大豆,す01
蟲籠,ナナシムシ,す02
さくらみんと,桐子,す03
ライジングサン,高原よう,す04
M3+T企画,藤井,す05
これみよがし,そだつ,す06
パピヨン,のっちち,す07
まい雑巾,MAIZO,す08
にく,ﾄ,す09
いちごれんにゅー,ノア,す10
青雲ノ志,Hi,せ01
ゆめとなごり,Mare,せ02
Zucker Zeit,黒木,せ03
Petalbound,sena,せ04
ワヤナカ,真夏,せ05
春泥棒,常春,せ06
mohumohu,mohu,せ07
如月,二亜,せ08
おもひぐさ,りっか,せ09
秋の桜,さらか,せ10
雨晴れ,白井,そ01
煮びたし,nako,そ02
やみつき,２７,そ03
カリカリ,おこげ,そ04
そらしど。,ミナイ,そ05
ukkari,友川,そ06
tenderrain,アレン,そ07
eight,ふくざわ,そ08
dndn畑,dnd,そ09
風待月夜,ライ,そ10
さくさくおこげ,をこげ,た01
EMGR,針巣,た02
暗区,二睡,た03
藍玉の瞳,かもず,た04
10.1,ama,た05
へらへら,薄暮,た06
Quail,うずら,た07
JITTER RING JING,隣人,た08
京風鶏唐,京,た09
Silly!,佐理,た10
くずかご,だすと,ち01
モア,こーや,ち02
グリコシド結合,加糖,ち03
深深,sai,ち04
ぶんぶく,ちゃがま,ち05
ひかげのねこ,ショウキ,ち06
軽鴨露店,カル,ち07
かぼちゃのスープ,ちゃちゃ,ち08
プラリネ,朝倉芽吹,ち09
えびまよん,えんぬ,ち10
四季彩,旭,つ01
焚き火,たゆたう,つ02
HARAPEKO,シロツキ,つ03
やかも屋,旭弥やかも,つ04
サヨナキドリ夢,マヨ,つ05
てちてち,ののすん,つ06
白壁,白紙レオン,つ07
提灯屋,ieriE,つ08
桐匣,桐生,つ09
非食用菊,仮名メ,つ10
ねんねこ,🐈,て01
めめめ,お眼鏡(³ω³)و,て02
スズメ亜科,さめ,て03
pic,島,て04
ちちみずいちゃいちゃ売場(無料),yukidoll,て05
FLash・Lip,のの,て06
ねればねるほど,こな,て07
姫や,羽田伊織,て08
肺魚,きよ,て09
愛玩Plus,ポメポメ,て10
Sunege6,クロ子,と01
黄昏に蜃気楼,楼,と02
にゃんこ飯定食,惰窳,と03
粗茶になりますが、,もちもち抹茶,と04
いぬふろ,いぬふろ,と05
ここに墓標をたてて,海落,と06
とりそば,あとり,と07
銀狼亭,三蛙,と08
ぽてさら,いも,と09
腹の虫,四ッ谷 亜月,と10
774,忍陣,な01
もろもろ,若,な02
おこりん房,ぷんすこ,な03
にばんやぶ,たかとおる,な04
らて・まきあーと,らて。,な05
みるくラムネ,もちね,な06
三つ巴,ざく霧,な07
紅の愛、蒼の愛,戒音,な08
パティスリートネール,あずさカオリ,な09
子子子堂,ゆるゆる,な10
ぬののぬの,め。,に01
